{"cameraMode":{"drawMode":0,"name":"Shaded","section":"Shading Mode"},"sceneLighting":false,"audioPlay":false,"sceneViewState":{"m_AlwaysRefresh":false,"showFog":true,"showSkybox":false,"showFlares":true,"showImageEffects":true,"showParticleSystems":true,"showVisualEffectGraphs":true,"m_FxEnabled":true},"in2DMode":false,"pivot":{"x":6.708697319030762,"y":2.6893715858459474,"z":-11.380624771118164},"rotation":{"x":0.09063028544187546,"y":-0.6030240654945374,"z":0.06927870213985443,"w":0.7896434664726257},"size":2.1213455200195314,"orthographic":false}